,precision,recall,f1-score,support
0,0.6237623762376238,0.28654970760233917,0.3926981300089047,1539.0
1,0.8113924050632911,0.4695970695970696,0.5948955916473317,1365.0
2,0.846517119244392,0.5311111111111111,0.6527082385070551,1350.0
3,0.7770177838577291,0.43962848297213625,0.5615422639644092,1292.0
4,0.948051948051948,0.7786666666666666,0.8550512445095168,1125.0
5,0.8556149732620321,0.6095238095238096,0.7119021134593995,1050.0
6,0.6850828729281768,0.3609898107714702,0.47283126787416585,687.0
7,0.8832599118942731,0.6275430359937402,0.7337602927721866,639.0
8,0.7198879551820728,0.40536277602523657,0.5186680121089807,634.0
9,0.8097345132743363,0.6069651741293532,0.6938388625592418,603.0
10,0.8095238095238095,0.44155844155844154,0.5714285714285715,616.0
11,0.5255813953488372,0.1934931506849315,0.2828535669586984,584.0
12,0.6090909090909091,0.11879432624113476,0.19881305637982197,564.0
13,0.6009852216748769,0.2601279317697228,0.3630952380952381,469.0
14,0.6,0.24545454545454545,0.34838709677419355,440.0
15,0.5259259259259259,0.3080260303687636,0.38850889192886456,461.0
16,0.7478260869565218,0.5477707006369427,0.6323529411764706,471.0
17,0.8037037037037037,0.5465994962216625,0.6506746626686656,397.0
18,0.6903225806451613,0.3031161473087819,0.42125984251968507,353.0
19,0.6078431372549019,0.17366946778711484,0.2701525054466231,357.0
20,0.40625,0.08873720136518772,0.14565826330532214,293.0
21,0.5605095541401274,0.3283582089552239,0.41411764705882353,268.0
22,0.7857142857142857,0.4194915254237288,0.5469613259668509,236.0
23,0.8709677419354839,0.6053811659192825,0.7142857142857143,223.0
24,0.6901408450704225,0.4666666666666667,0.5568181818181818,210.0
25,0.7076923076923077,0.4107142857142857,0.519774011299435,224.0
26,0.8875,0.7357512953367875,0.8045325779036827,193.0
27,0.3181818181818182,0.06796116504854369,0.11199999999999999,206.0
28,0.5652173913043478,0.3023255813953488,0.39393939393939387,172.0
29,0.7419354838709677,0.2358974358974359,0.35797665369649806,195.0
30,0.5686274509803921,0.3258426966292135,0.41428571428571426,178.0
31,0.9243697478991597,0.7534246575342466,0.830188679245283,146.0
32,0.8,0.2826086956521739,0.4176706827309237,184.0
33,0.45161290322580644,0.1830065359477124,0.26046511627906976,153.0
34,0.7572815533980582,0.5379310344827586,0.6290322580645162,145.0
35,0.751937984496124,0.6024844720496895,0.6689655172413792,161.0
36,0.6,0.28125,0.3829787234042553,160.0
37,0.3111111111111111,0.0915032679738562,0.1414141414141414,153.0
38,0.7686567164179104,0.6688311688311688,0.7152777777777777,154.0
39,0.5230769230769231,0.2595419847328244,0.346938775510204,131.0
40,0.4186046511627907,0.144,0.21428571428571427,125.0
41,0.7777777777777778,0.32558139534883723,0.459016393442623,129.0
42,0.7,0.5,0.5833333333333334,112.0
43,0.358974358974359,0.1346153846153846,0.19580419580419578,104.0
44,0.5185185185185185,0.12727272727272726,0.20437956204379557,110.0
45,0.676923076923077,0.3728813559322034,0.48087431693989063,118.0
46,0.42105263157894735,0.12903225806451613,0.19753086419753085,124.0
47,0.14285714285714285,0.008547008547008548,0.016129032258064516,117.0
48,0.4,0.10619469026548672,0.1678321678321678,113.0
49,0.9615384615384616,0.646551724137931,0.7731958762886597,116.0
50,0.2857142857142857,0.05825242718446602,0.09677419354838711,103.0
51,0.9444444444444444,0.1452991452991453,0.2518518518518519,117.0
52,0.6197183098591549,0.4074074074074074,0.49162011173184356,108.0
53,0.3870967741935484,0.13793103448275862,0.2033898305084746,87.0
54,0.5357142857142857,0.13392857142857142,0.21428571428571427,112.0
55,0.7384615384615385,0.41739130434782606,0.5333333333333333,115.0
56,0.7903225806451613,0.4298245614035088,0.5568181818181819,114.0
57,0.5454545454545454,0.18,0.27067669172932335,100.0
58,0.8518518518518519,0.46,0.5974025974025975,100.0
59,0.18181818181818182,0.017543859649122806,0.032,114.0
60,0.7571428571428571,0.5047619047619047,0.6057142857142858,105.0
61,0.8548387096774194,0.5145631067961165,0.6424242424242425,103.0
62,0.4444444444444444,0.14814814814814814,0.2222222222222222,108.0
63,0.4146341463414634,0.19540229885057472,0.26562499999999994,87.0
64,0.84375,0.24324324324324326,0.37762237762237766,111.0
65,0.9358974358974359,0.6517857142857143,0.768421052631579,112.0
66,0.5862068965517241,0.37777777777777777,0.45945945945945943,90.0
67,0.9122807017543859,0.46846846846846846,0.6190476190476191,111.0
68,0.8518518518518519,0.9078947368421053,0.8789808917197451,76.0
69,0.9117647058823529,0.5961538461538461,0.7209302325581395,104.0
70,0.5217391304347826,0.12244897959183673,0.1983471074380165,98.0
71,0.7575757575757576,0.24271844660194175,0.3676470588235294,103.0
72,0.8235294117647058,0.28,0.417910447761194,100.0
73,0.9452054794520548,0.75,0.8363636363636364,92.0
74,0.5,0.014285714285714285,0.02777777777777778,70.0
75,0.6461538461538462,0.4827586206896552,0.5526315789473685,87.0
76,0.65,0.5571428571428572,0.6,70.0
77,0.5517241379310345,0.35555555555555557,0.4324324324324324,90.0
78,0.2,0.02702702702702703,0.047619047619047616,74.0
79,0.7884615384615384,0.7068965517241379,0.7454545454545455,58.0
80,0.62,0.47692307692307695,0.5391304347826087,65.0
81,0.45454545454545453,0.078125,0.1333333333333333,64.0
82,0.5945945945945946,0.2972972972972973,0.39639639639639646,74.0
83,0.8,0.4050632911392405,0.5378151260504201,79.0
84,0.48148148148148145,0.16049382716049382,0.24074074074074073,81.0
85,1.0,0.5,0.6666666666666666,60.0
86,0.8974358974358975,0.4861111111111111,0.6306306306306306,72.0
87,0.34146341463414637,0.2,0.25225225225225223,70.0
88,0.6875,0.14666666666666667,0.24175824175824173,75.0
89,0.8372093023255814,0.5454545454545454,0.6605504587155963,66.0
90,0.42857142857142855,0.1232876712328767,0.19148936170212766,73.0
91,0.5263157894736842,0.15873015873015872,0.24390243902439024,63.0
92,0.6666666666666666,0.6153846153846154,0.64,65.0
93,0.9714285714285714,0.5666666666666667,0.7157894736842105,60.0
94,0.631578947368421,0.4444444444444444,0.5217391304347826,54.0
95,0.2916666666666667,0.1206896551724138,0.17073170731707318,58.0
96,0.9459459459459459,0.6363636363636364,0.7608695652173914,55.0
97,0.6,0.2054794520547945,0.3061224489795918,73.0
98,0.890625,0.7402597402597403,0.8085106382978724,77.0
99,0.5961538461538461,0.5,0.5438596491228069,62.0
100,0.9761904761904762,0.6833333333333333,0.803921568627451,60.0
101,0.40816326530612246,0.31746031746031744,0.35714285714285715,63.0
102,0.125,0.013888888888888888,0.024999999999999998,72.0
103,0.7272727272727273,0.11428571428571428,0.19753086419753085,70.0
104,0.45,0.14516129032258066,0.2195121951219512,62.0
105,0.9210526315789473,0.6481481481481481,0.7608695652173912,54.0
106,0.8780487804878049,0.6206896551724138,0.7272727272727273,58.0
107,0.09523809523809523,0.03225806451612903,0.048192771084337345,62.0
108,0.6071428571428571,0.3090909090909091,0.40963855421686746,55.0
109,0.6923076923076923,0.43548387096774194,0.5346534653465347,62.0
110,0.2608695652173913,0.12,0.1643835616438356,50.0
111,0.6,0.4444444444444444,0.5106382978723405,54.0
112,0.5882352941176471,0.37037037037037035,0.45454545454545453,54.0
113,0.5,0.2,0.28571428571428575,65.0
114,0.46875,0.2542372881355932,0.32967032967032966,59.0
115,0.8536585365853658,0.5384615384615384,0.660377358490566,65.0
116,0.32,0.16326530612244897,0.21621621621621617,49.0
117,0.4782608695652174,0.16923076923076924,0.25000000000000006,65.0
118,0.972972972972973,0.6792452830188679,0.7999999999999999,53.0
119,0.35294117647058826,0.1111111111111111,0.16901408450704225,54.0
120,0.11764705882352941,0.03508771929824561,0.05405405405405405,57.0
121,0.6666666666666666,0.0392156862745098,0.07407407407407407,51.0
122,0.9777777777777777,0.8461538461538461,0.9072164948453608,52.0
123,0.5263157894736842,0.18867924528301888,0.27777777777777773,53.0
124,0.9523809523809523,0.7843137254901961,0.8602150537634408,51.0
125,0.16666666666666666,0.017543859649122806,0.031746031746031744,57.0
126,0.36363636363636365,0.0625,0.10666666666666667,64.0
127,0.44,0.22916666666666666,0.3013698630136986,48.0
128,0.0,0.0,0.0,53.0
129,0.5,0.08333333333333333,0.14285714285714285,60.0
130,0.0,0.0,0.0,54.0
131,0.48484848484848486,0.34782608695652173,0.4050632911392405,46.0
132,0.6923076923076923,0.16363636363636364,0.2647058823529412,55.0
133,0.6666666666666666,0.17857142857142858,0.28169014084507044,56.0
134,0.6111111111111112,0.23404255319148937,0.3384615384615385,47.0
135,0.6875,0.3793103448275862,0.4888888888888889,58.0
136,0.8461538461538461,0.4782608695652174,0.6111111111111112,46.0
137,0.9487179487179487,0.6491228070175439,0.7708333333333334,57.0
138,0.9705882352941176,0.7021276595744681,0.8148148148148149,47.0
139,0.5833333333333334,0.28,0.3783783783783784,50.0
140,0.6428571428571429,0.375,0.4736842105263159,48.0
141,0.3181818181818182,0.12962962962962962,0.1842105263157895,54.0
142,0.25,0.017543859649122806,0.03278688524590164,57.0
143,0.6857142857142857,0.42105263157894735,0.5217391304347826,57.0
144,0.75,0.4090909090909091,0.5294117647058824,44.0
145,1.0,0.74,0.8505747126436781,50.0
146,0.25,0.04,0.06896551724137932,50.0
147,0.5714285714285714,0.1568627450980392,0.24615384615384614,51.0
148,0.38461538461538464,0.10204081632653061,0.16129032258064516,49.0
149,0.0,0.0,0.0,33.0
150,0.5,0.021739130434782608,0.041666666666666664,46.0
151,0.6818181818181818,0.3333333333333333,0.4477611940298507,45.0
152,0.8378378378378378,0.5344827586206896,0.6526315789473685,58.0
153,0.5625,0.36,0.43902439024390244,50.0
154,0.25,0.13513513513513514,0.1754385964912281,37.0
155,0.5555555555555556,0.10638297872340426,0.17857142857142855,47.0
156,0.38461538461538464,0.10869565217391304,0.1694915254237288,46.0
157,0.0,0.0,0.0,40.0
158,0.56,0.2222222222222222,0.3181818181818182,63.0
159,0.6153846153846154,0.1951219512195122,0.29629629629629634,41.0
160,0.5,0.09302325581395349,0.15686274509803924,43.0
161,0.21428571428571427,0.0625,0.09677419354838708,48.0
162,0.7037037037037037,0.475,0.5671641791044776,40.0
163,0.36,0.23684210526315788,0.2857142857142857,38.0
164,0.5483870967741935,0.3617021276595745,0.43589743589743596,47.0
165,0.6296296296296297,0.3469387755102041,0.4473684210526315,49.0
166,0.2857142857142857,0.08333333333333333,0.12903225806451613,48.0
167,0.76,0.4318181818181818,0.5507246376811594,44.0
168,0.4444444444444444,0.14545454545454545,0.2191780821917808,55.0
169,0.875,0.6363636363636364,0.7368421052631579,44.0
170,0.9629629629629629,0.6666666666666666,0.7878787878787878,39.0
171,0.0,0.0,0.0,45.0
172,0.8157894736842105,0.62,0.7045454545454546,50.0
173,0.46153846153846156,0.16216216216216217,0.24,37.0
174,0.8076923076923077,0.4375,0.5675675675675675,48.0
175,0.5333333333333333,0.14285714285714285,0.22535211267605632,56.0
176,0.6428571428571429,0.21951219512195122,0.32727272727272727,41.0
177,0.9583333333333334,0.6571428571428571,0.7796610169491525,35.0
178,0.7272727272727273,0.2222222222222222,0.3404255319148936,36.0
179,0.9333333333333333,0.6829268292682927,0.7887323943661972,41.0
180,0.23076923076923078,0.07894736842105263,0.11764705882352941,38.0
181,0.5333333333333333,0.1702127659574468,0.25806451612903225,47.0
182,0.2903225806451613,0.16981132075471697,0.21428571428571427,53.0
183,0.0,0.0,0.0,45.0
184,0.0,0.0,0.0,39.0
185,0.5263157894736842,0.24390243902439024,0.3333333333333333,41.0
186,0.375,0.08108108108108109,0.13333333333333333,37.0
187,0.15384615384615385,0.05263157894736842,0.0784313725490196,38.0
188,0.5,0.13157894736842105,0.20833333333333334,38.0
189,0.55,0.2619047619047619,0.3548387096774194,42.0
190,1.0,0.6666666666666666,0.8,39.0
191,1.0,0.6666666666666666,0.8,42.0
192,0.72,0.4864864864864865,0.5806451612903226,37.0
193,0.2,0.05,0.08000000000000002,40.0
194,0.2,0.0625,0.09523809523809523,32.0
195,0.8181818181818182,0.4,0.537313432835821,45.0
196,0.75,0.4375,0.5526315789473685,48.0
197,0.7727272727272727,0.4358974358974359,0.5573770491803278,39.0
198,0.7619047619047619,0.4,0.5245901639344264,40.0
199,0.6666666666666666,0.0975609756097561,0.1702127659574468,41.0
200,0.7894736842105263,0.32608695652173914,0.46153846153846156,46.0
201,0.5454545454545454,0.11538461538461539,0.19047619047619047,52.0
202,0.5,0.21621621621621623,0.3018867924528302,37.0
203,0.6842105263157895,0.3333333333333333,0.44827586206896547,39.0
204,0.14285714285714285,0.05263157894736842,0.07692307692307693,38.0
205,0.9285714285714286,0.6666666666666666,0.7761194029850746,39.0
206,0.9642857142857143,0.7297297297297297,0.8307692307692307,37.0
207,0.8333333333333334,0.45454545454545453,0.5882352941176471,44.0
208,0.8333333333333334,0.2564102564102564,0.392156862745098,39.0
209,0.0,0.0,0.0,40.0
210,0.8636363636363636,0.4634146341463415,0.6031746031746033,41.0
211,0.8333333333333334,0.4166666666666667,0.5555555555555556,48.0
212,0.7333333333333333,0.3548387096774194,0.47826086956521735,31.0
213,0.09090909090909091,0.02564102564102564,0.04,39.0
214,0.0,0.0,0.0,35.0
215,0.6,0.058823529411764705,0.10714285714285714,51.0
216,0.5882352941176471,0.25,0.3508771929824561,40.0
217,0.1111111111111111,0.024390243902439025,0.04,41.0
218,0.6129032258064516,0.6551724137931034,0.6333333333333333,29.0
219,0.38461538461538464,0.13157894736842105,0.196078431372549,38.0
220,0.35294117647058826,0.1875,0.24489795918367344,32.0
221,0.5,0.28,0.358974358974359,25.0
222,0.9166666666666666,0.6666666666666666,0.7719298245614035,33.0
223,0.6,0.2903225806451613,0.3913043478260869,31.0
224,0.625,0.14285714285714285,0.23255813953488372,35.0
225,0.7692307692307693,0.3125,0.4444444444444445,32.0
226,0.5454545454545454,0.18181818181818182,0.2727272727272727,33.0
227,0.2,0.02631578947368421,0.046511627906976744,38.0
228,0.6923076923076923,0.2903225806451613,0.4090909090909091,31.0
229,0.2857142857142857,0.12903225806451613,0.17777777777777778,31.0
230,0.8421052631578947,0.45714285714285713,0.5925925925925926,35.0
231,0.6470588235294118,0.3333333333333333,0.44,33.0
232,0.6666666666666666,0.13333333333333333,0.2222222222222222,30.0
233,0.5714285714285714,0.2,0.29629629629629634,20.0
234,0.8333333333333334,0.46875,0.6,32.0
235,0.5454545454545454,0.17142857142857143,0.26086956521739124,35.0
236,0.0,0.0,0.0,26.0
237,1.0,0.7058823529411765,0.8275862068965517,34.0
238,0.8,0.42105263157894735,0.5517241379310345,38.0
239,0.5,0.10344827586206896,0.17142857142857143,29.0
240,0.6666666666666666,0.06666666666666667,0.1212121212121212,30.0
241,0.9130434782608695,0.5833333333333334,0.7118644067796611,36.0
242,0.14285714285714285,0.02857142857142857,0.04761904761904761,35.0
243,0.4444444444444444,0.1111111111111111,0.17777777777777776,36.0
244,0.6086956521739131,0.3684210526315789,0.4590163934426229,38.0
245,0.4444444444444444,0.25,0.32,32.0
246,0.9583333333333334,0.6388888888888888,0.7666666666666666,36.0
247,0.875,0.2413793103448276,0.3783783783783784,29.0
248,0.9473684210526315,0.5806451612903226,0.72,31.0
249,0.0,0.0,0.0,33.0
250,0.0,0.0,0.0,38.0
251,0.7307692307692307,0.6333333333333333,0.6785714285714285,30.0
252,0.5714285714285714,0.16,0.25,25.0
253,0.7857142857142857,0.5945945945945946,0.676923076923077,37.0
254,0.6428571428571429,0.24324324324324326,0.35294117647058826,37.0
255,0.5,0.2,0.28571428571428575,30.0
256,0.25,0.02857142857142857,0.05128205128205128,35.0
257,0.36363636363636365,0.17391304347826086,0.2352941176470588,23.0
258,0.5,0.18421052631578946,0.2692307692307692,38.0
259,0.5833333333333334,0.23333333333333334,0.33333333333333337,30.0
260,0.5,0.04,0.07407407407407407,25.0
261,0.7,0.28,0.4,25.0
262,0.0,0.0,0.0,41.0
263,0.5555555555555556,0.14285714285714285,0.22727272727272727,35.0
264,0.3,0.0967741935483871,0.14634146341463414,31.0
265,1.0,0.34375,0.5116279069767442,32.0
266,0.8636363636363636,0.6129032258064516,0.7169811320754716,31.0
267,0.8,0.12121212121212122,0.2105263157894737,33.0
268,0.0,0.0,0.0,26.0
269,0.3333333333333333,0.10714285714285714,0.16216216216216214,28.0
270,0.0,0.0,0.0,30.0
271,0.9,0.72,0.7999999999999999,25.0
272,0.5555555555555556,0.3125,0.39999999999999997,32.0
273,0.2857142857142857,0.06060606060606061,0.1,33.0
274,0.125,0.041666666666666664,0.0625,24.0
275,0.6666666666666666,0.4444444444444444,0.5333333333333333,18.0
276,0.0,0.0,0.0,30.0
277,0.5833333333333334,0.25925925925925924,0.358974358974359,27.0
278,0.6,0.2608695652173913,0.36363636363636365,23.0
279,0.6666666666666666,0.47058823529411764,0.5517241379310345,17.0
280,1.0,0.6153846153846154,0.761904761904762,26.0
281,0.8571428571428571,0.72,0.782608695652174,25.0
282,0.35714285714285715,0.2631578947368421,0.30303030303030304,19.0
283,0.8333333333333334,0.8,0.816326530612245,25.0
284,1.0,0.03571428571428571,0.0689655172413793,28.0
285,0.9285714285714286,0.7027027027027027,0.7999999999999999,37.0
286,0.9,0.225,0.36000000000000004,40.0
287,0.5333333333333333,0.3333333333333333,0.4102564102564102,24.0
288,0.0,0.0,0.0,24.0
289,0.7,0.45161290322580644,0.5490196078431372,31.0
290,0.3333333333333333,0.043478260869565216,0.07692307692307691,23.0
291,0.0,0.0,0.0,23.0
292,0.5833333333333334,0.2692307692307692,0.3684210526315789,26.0
293,0.14285714285714285,0.0625,0.08695652173913043,16.0
294,0.25,0.08333333333333333,0.125,24.0
295,0.8125,0.5416666666666666,0.65,24.0
296,0.5,0.030303030303030304,0.05714285714285715,33.0
297,0.0,0.0,0.0,27.0
298,0.8,0.5333333333333333,0.64,30.0
299,0.0,0.0,0.0,31.0
300,0.0,0.0,0.0,33.0
301,0.0,0.0,0.0,30.0
302,0.0,0.0,0.0,22.0
303,0.7857142857142857,0.5238095238095238,0.6285714285714286,21.0
304,0.64,0.6153846153846154,0.6274509803921569,26.0
305,1.0,0.875,0.9333333333333333,24.0
306,0.2,0.047619047619047616,0.07692307692307693,21.0
307,0.0,0.0,0.0,27.0
308,0.42857142857142855,0.15789473684210525,0.23076923076923078,19.0
309,0.8571428571428571,0.20689655172413793,0.33333333333333326,29.0
310,0.0,0.0,0.0,14.0
311,0.3333333333333333,0.07692307692307693,0.125,26.0
312,0.5333333333333333,0.42105263157894735,0.47058823529411764,19.0
313,0.75,0.2222222222222222,0.34285714285714286,27.0
314,0.5,0.038461538461538464,0.07142857142857144,26.0
315,0.0,0.0,0.0,27.0
316,0.5,0.2857142857142857,0.36363636363636365,21.0
317,0.7272727272727273,0.32,0.4444444444444444,25.0
318,0.38461538461538464,0.2,0.2631578947368421,25.0
319,0.5,0.23076923076923078,0.3157894736842105,26.0
320,0.85,0.5666666666666667,0.68,30.0
321,0.6,0.3333333333333333,0.42857142857142855,18.0
322,0.38461538461538464,0.17857142857142858,0.24390243902439027,28.0
323,0.375,0.36,0.3673469387755102,25.0
324,0.0,0.0,0.0,31.0
325,0.42857142857142855,0.13043478260869565,0.2,23.0
326,0.4166666666666667,0.23809523809523808,0.30303030303030304,21.0
327,0.7058823529411765,0.42857142857142855,0.5333333333333333,28.0
328,0.72,0.6206896551724138,0.6666666666666666,29.0
329,0.23076923076923078,0.15,0.18181818181818185,20.0
330,0.9230769230769231,0.46153846153846156,0.6153846153846155,26.0
331,0.6363636363636364,0.4375,0.5185185185185185,32.0
332,0.25,0.045454545454545456,0.07692307692307693,22.0
333,0.5,0.15625,0.23809523809523808,32.0
334,0.75,0.13636363636363635,0.23076923076923075,22.0
335,0.2857142857142857,0.08333333333333333,0.12903225806451613,24.0
336,0.0,0.0,0.0,19.0
337,0.5789473684210527,0.39285714285714285,0.46808510638297873,28.0
338,0.8333333333333334,0.3333333333333333,0.47619047619047616,30.0
339,0.0,0.0,0.0,28.0
340,0.375,0.1111111111111111,0.17142857142857143,27.0
341,0.42857142857142855,0.13043478260869565,0.2,23.0
342,0.3333333333333333,0.08695652173913043,0.13793103448275862,23.0
343,0.6923076923076923,0.4090909090909091,0.5142857142857142,22.0
344,0.0,0.0,0.0,24.0
345,0.0,0.0,0.0,26.0
346,1.0,0.09523809523809523,0.17391304347826084,21.0
347,0.2,0.04,0.06666666666666667,25.0
348,1.0,0.65,0.787878787878788,20.0
349,0.5,0.13043478260869565,0.20689655172413793,23.0
350,0.0,0.0,0.0,17.0
351,0.5454545454545454,0.3,0.3870967741935483,20.0
352,0.5,0.045454545454545456,0.08333333333333334,22.0
353,0.0,0.0,0.0,23.0
354,0.7777777777777778,0.2916666666666667,0.42424242424242425,24.0
355,0.0,0.0,0.0,25.0
356,0.42857142857142855,0.14285714285714285,0.21428571428571427,21.0
357,0.8,0.2222222222222222,0.3478260869565218,18.0
358,0.0,0.0,0.0,21.0
359,0.5,0.20833333333333334,0.29411764705882354,24.0
360,0.6153846153846154,0.4444444444444444,0.5161290322580646,18.0
361,1.0,0.20833333333333334,0.3448275862068966,24.0
362,0.9444444444444444,0.8947368421052632,0.918918918918919,19.0
363,0.0,0.0,0.0,18.0
364,0.0,0.0,0.0,21.0
365,0.3333333333333333,0.058823529411764705,0.1,17.0
366,0.6666666666666666,0.10526315789473684,0.18181818181818182,19.0
367,0.3333333333333333,0.041666666666666664,0.07407407407407407,24.0
368,0.25,0.038461538461538464,0.06666666666666668,26.0
369,1.0,0.5333333333333333,0.6956521739130436,30.0
370,0.4444444444444444,0.18181818181818182,0.2580645161290322,22.0
371,0.16666666666666666,0.125,0.14285714285714288,16.0
372,1.0,0.041666666666666664,0.07999999999999999,24.0
373,0.25,0.07142857142857142,0.11111111111111112,14.0
374,0.0,0.0,0.0,28.0
375,0.46153846153846156,0.3157894736842105,0.37499999999999994,19.0
376,0.8,0.7272727272727273,0.761904761904762,11.0
377,0.6,0.2727272727272727,0.37499999999999994,22.0
378,0.0,0.0,0.0,22.0
379,0.3,0.13636363636363635,0.18749999999999997,22.0
380,0.47368421052631576,0.4090909090909091,0.43902439024390244,22.0
381,0.2,0.1,0.13333333333333333,10.0
382,0.5,0.15789473684210525,0.23999999999999996,19.0
383,0.8461538461538461,0.55,0.6666666666666667,20.0
384,0.4,0.1111111111111111,0.1739130434782609,18.0
385,0.5714285714285714,0.3076923076923077,0.4,13.0
386,0.4,0.10526315789473684,0.16666666666666666,19.0
387,0.7142857142857143,0.4166666666666667,0.5263157894736842,12.0
388,0.375,0.21428571428571427,0.2727272727272727,14.0
389,0.125,0.05,0.07142857142857144,20.0
390,0.0,0.0,0.0,20.0
391,0.5,0.15,0.23076923076923075,20.0
392,0.3333333333333333,0.07692307692307693,0.125,26.0
393,0.8333333333333334,0.29411764705882354,0.4347826086956522,17.0
394,0.0,0.0,0.0,16.0
395,0.0,0.0,0.0,19.0
396,0.5,0.125,0.2,16.0
397,0.21428571428571427,0.2,0.20689655172413796,15.0
398,0.5,0.2,0.28571428571428575,15.0
399,0.8,0.5,0.6153846153846154,16.0
400,0.9,0.47368421052631576,0.6206896551724138,19.0
401,0.4,0.16666666666666666,0.23529411764705882,12.0
402,0.2,0.0625,0.09523809523809523,16.0
403,0.7647058823529411,0.6190476190476191,0.6842105263157895,21.0
404,0.0,0.0,0.0,14.0
405,0.8,0.17391304347826086,0.2857142857142857,23.0
406,0.0,0.0,0.0,23.0
407,0.7333333333333333,0.6111111111111112,0.6666666666666666,18.0
408,0.6428571428571429,0.5,0.5625000000000001,18.0
409,0.5714285714285714,0.42105263157894735,0.48484848484848486,19.0
410,0.8571428571428571,0.5,0.631578947368421,12.0
411,0.0,0.0,0.0,18.0
412,0.6470588235294118,0.6875,0.6666666666666667,16.0
413,0.0,0.0,0.0,18.0
414,0.0,0.0,0.0,23.0
415,0.0,0.0,0.0,17.0
416,0.7,0.4117647058823529,0.5185185185185185,17.0
417,0.5,0.17647058823529413,0.2608695652173913,17.0
418,0.2,0.05,0.08000000000000002,20.0
419,1.0,0.1111111111111111,0.19999999999999998,27.0
420,0.5,0.05263157894736842,0.09523809523809525,19.0
421,0.0,0.0,0.0,15.0
422,0.4,0.1111111111111111,0.1739130434782609,18.0
423,0.42857142857142855,0.21428571428571427,0.2857142857142857,14.0
424,0.9411764705882353,0.8888888888888888,0.9142857142857143,18.0
425,0.5555555555555556,0.47619047619047616,0.5128205128205129,21.0
426,0.0,0.0,0.0,18.0
427,0.42857142857142855,0.11538461538461539,0.18181818181818182,26.0
428,0.375,0.17647058823529413,0.24,17.0
429,0.3333333333333333,0.05555555555555555,0.09523809523809525,18.0
430,0.7857142857142857,0.5789473684210527,0.6666666666666667,19.0
431,0.3333333333333333,0.06666666666666667,0.1111111111111111,15.0
432,0.4,0.1,0.16000000000000003,20.0
433,0.5,0.047619047619047616,0.08695652173913042,21.0
434,0.0,0.0,0.0,27.0
435,0.6363636363636364,0.25925925925925924,0.368421052631579,27.0
436,0.4,0.1111111111111111,0.1739130434782609,18.0
437,0.8,0.42105263157894735,0.5517241379310345,19.0
438,1.0,0.11764705882352941,0.21052631578947367,17.0
439,0.4,0.125,0.19047619047619047,16.0
440,0.0,0.0,0.0,16.0
441,0.3333333333333333,0.13333333333333333,0.19047619047619044,15.0
442,1.0,0.75,0.8571428571428571,24.0
443,0.7894736842105263,0.7894736842105263,0.7894736842105263,19.0
444,1.0,0.05555555555555555,0.10526315789473684,18.0
445,0.5,0.13333333333333333,0.2105263157894737,15.0
446,0.6,0.13636363636363635,0.22222222222222218,22.0
447,0.5652173913043478,0.65,0.6046511627906976,20.0
448,0.0,0.0,0.0,15.0
449,0.7857142857142857,0.6111111111111112,0.6875000000000001,18.0
450,0.6,0.2608695652173913,0.36363636363636365,23.0
451,0.3333333333333333,0.05555555555555555,0.09523809523809525,18.0
452,0.7272727272727273,0.6153846153846154,0.6666666666666667,13.0
453,0.3333333333333333,0.125,0.18181818181818182,16.0
454,0.0,0.0,0.0,16.0
455,0.5,0.10526315789473684,0.17391304347826086,19.0
456,0.5714285714285714,0.23529411764705882,0.3333333333333333,17.0
457,0.625,0.25,0.35714285714285715,20.0
458,1.0,0.05263157894736842,0.1,19.0
459,0.8947368421052632,0.7083333333333334,0.7906976744186046,24.0
460,0.9230769230769231,0.46153846153846156,0.6153846153846155,26.0
461,1.0,0.6875,0.8148148148148148,16.0
462,0.0,0.0,0.0,13.0
463,0.75,0.25,0.375,24.0
464,0.7222222222222222,0.48148148148148145,0.5777777777777777,27.0
465,0.0,0.0,0.0,22.0
466,1.0,0.05555555555555555,0.10526315789473684,18.0
467,0.6666666666666666,0.13333333333333333,0.2222222222222222,15.0
468,1.0,0.6428571428571429,0.782608695652174,14.0
469,0.0,0.0,0.0,25.0
470,0.8,0.4,0.5333333333333333,20.0
471,0.2727272727272727,0.15789473684210525,0.19999999999999998,19.0
472,0.0,0.0,0.0,18.0
473,1.0,0.42857142857142855,0.6,14.0
474,0.25,0.07692307692307693,0.11764705882352941,13.0
475,0.0,0.0,0.0,21.0
476,0.0,0.0,0.0,20.0
477,0.4,0.23529411764705882,0.29629629629629634,17.0
478,0.3333333333333333,0.125,0.18181818181818182,16.0
479,0.2857142857142857,0.13333333333333333,0.18181818181818182,15.0
480,0.0,0.0,0.0,20.0
481,0.6,0.3157894736842105,0.41379310344827586,19.0
482,0.25,0.05,0.08333333333333334,20.0
483,0.8,0.5714285714285714,0.6666666666666666,21.0
484,0.4,0.21052631578947367,0.27586206896551724,19.0
485,0.9230769230769231,0.7058823529411765,0.8000000000000002,17.0
486,0.5714285714285714,0.23529411764705882,0.3333333333333333,17.0
487,0.9,0.45,0.6,20.0
488,0.6,0.16666666666666666,0.2608695652173913,18.0
489,1.0,0.058823529411764705,0.1111111111111111,17.0
490,0.42857142857142855,0.21428571428571427,0.2857142857142857,14.0
491,0.3333333333333333,0.1,0.15384615384615383,10.0
492,1.0,0.6666666666666666,0.8,27.0
493,0.8333333333333334,0.3333333333333333,0.47619047619047616,15.0
494,1.0,0.45,0.6206896551724138,20.0
495,0.0,0.0,0.0,20.0
496,0.36363636363636365,0.25,0.2962962962962963,16.0
497,0.75,0.21428571428571427,0.3333333333333333,14.0
498,0.0,0.0,0.0,17.0
499,1.0,0.5,0.6666666666666666,16.0
micro avg,0.7178193111862903,0.355625772770985,0.47561827067945467,36395.0
macro avg,0.5356046839334958,0.2707771952725244,0.34202962409383375,36395.0
weighted avg,0.6450222908787989,0.355625772770985,0.4445670374458884,36395.0
samples avg,0.46346297619047616,0.35179916666666666,0.37499325396825395,36395.0
